"Hierarchy","Title","Project","Releases","Team","Assignee","Sprint","Target start date (roll-up)","Target start date","Target end date (roll-up)","Target end date","Due date","Estimates (d)","Parent","Priority","Labels","Components","Issue key","Issue status","Progress (%)","Progress completed (d)","Progress remaining (d)","Progress (%) issue count (IC)","To do IC","In progress IC","Done IC","Total IC","Deliverable Type","Country","Assignor","Business Owner","Question 98 - Free Text (single line)","Question 97 - Free Text (single line)","Complexity","Decision Date","Planned Sign-off Date","Planned Submission Date","Question 68 - Date Picker","Question 85 - Date Picker","Status Updated"
"Epic","Reverse flow project - OVERSEAS - Croatia","Carrier Integration","","","Mansi Shrirame","",,"01/Nov/25","","","","","","Low","COM_SFTP, EDI_Centiro, Status_Centiro","Reverse flow (Project)","CAR-13526","Backlog",0,0,0,0,1,0,0,1,"Deployment","Croatia","","Christopher Rebelo","","","","","","","","",""
"Epic","DHL DE national 30562 - Germany 09.02","Carrier Integration","","","Kritika Agrawal","",,"09/Feb/26","","","","","","Low","","","CAR-14295","Backlog",0,0,0,0,2,0,0,2,"Other","Germany","","Christopher Rebelo","","","","","","","","",""
"Epic","DACHSER SPAIN S.A. 50760 - Spain 10.02","Carrier Integration","","","Cathaline Pillay","",,"10/Feb/26","","","","","","Low","","","CAR-14304","Backlog",0,0,0,0,2,0,0,2,"TSP Light Set-up","Spain","","Christopher Rebelo","","","","","","","","",""
"Epic","Reverse flow Metro 50012 - Canada","Carrier Integration","","Test","Akshay Kumar ","",,"27/Jan/25",,"24/Feb/25","19/Mar/25","","","Low","COM_SFTP, EDI_Centiro, Status_Centiro","Reverse flow (Project)","CAR-10802","Waiting for support",0,0,0,100,0,0,1,1,"Deployment","Canada","","Carlos Cunha","","","","","","","","",""
"Epic","Aria Group, Inc - Final Mile 50345 - United States 3.DEC","Carrier Integration","","","Paresh Patil","",,"03/Dec/25",,"31/Dec/25","","","","Low","","","CAR-13769","Ready for Acceptance Test",0,0,0,66.67,1,0,2,3,"TSP Light Set-up","United States","","Carlos Cunha","","","","","","","","",""
"Epic","RXO Last Mile, Inc. - Final Mile 30542 - United States 18.12","Carrier Integration","","","Manisha Gupta","",,"23/Dec/25",,"06/Jan/26","","","","Low","","","CAR-13879","Ready for Acceptance Test",0,0,0,66.67,1,0,2,3,"TSP Light Set-up","United States","","Christopher Rebelo","","","","","","","","",""
"Epic","XL EDS 50756 - France 12.01","Carrier Integration","","","Hrittika Gandhi","",,"12/Jan/26","18/Jan/26","","","","","Low","","","CAR-13993","Ready for Acceptance Test",0,0,0,50,1,1,2,4,"TSP Light Set-up","France","","Christopher Rebelo","","","","","","","","",""
"Epic","50121 Posti Oy - Finland 09.12","Carrier Integration","","","Mansi Shrirame","",,"09/Dec/25",,"19/Jan/26","","","","Low","","CFB 1.3 - PARCEL","CAR-13803","In Progress",0,0,0,100,0,0,1,1,"Integration review","Finland","","Carlos Cunha","","","","","","","","",""
"Epic","Bring HD 50283 - Norway 23.12","Carrier Integration","","","Manisha Gupta","",,"23/Dec/25",,"20/Jan/26","","","","Low","","","CAR-13903","In Progress",0,0,0,0,1,1,0,2,"TSP Light Set-up","Norway","","Christopher Rebelo","","","","","","","","",""
"Epic","Nerostein OU NEW 50785 - Finland 24.11","Carrier Integration","","","Kritika Agrawal","",,"24/Nov/25",,"22/Jan/26","","","","Low","","CFB 1.3 - TRUCK, DDC, Other Services","CAR-13704","Ready for Acceptance Test",0,0,0,50,1,0,1,2,"Integration upgrade","Finland","","Carlos Cunha","","","","","","","","",""
"Epic","Reverse flow project - RXO - Final Mile - 30542 - United States","Carrier Integration","","","Paresh Patil","",,"31/Aug/25",,"23/Jan/26","17/Oct/25","","","Low","COM_SFTP, EDI_Centiro, Status_Centiro","Reverse flow (Project)","CAR-13575","Ready for Acceptance Test",0,0,0,100,0,0,1,1,"Deployment","United States","","Carlos Cunha","Bharat","","","","","","","",""
"Epic","Reverse flow project -CRST Specialized Transportation, Inc - Final Mile/LTL  - carrier id: 31094 - United States","Carrier Integration","","","Nilkanth Gawade","",,"31/Aug/25",,"23/Jan/26","17/Oct/25","","","Low","COM_SFTP, EDI_Centiro, Status_Centiro","Reverse flow (Project)","CAR-13589","Ready for Acceptance Test",0,0,0,100,0,0,1,1,"Deployment","United States","","Carlos Cunha","Bharat","","","","","","","",""
"Epic","SDS 37819 - United States 23.12 B","Carrier Integration","","","Manisha Gupta","",,"23/Dec/25",,"23/Jan/26","","","","Low","","","CAR-13909","Ready for Acceptance Test",0,0,0,100,0,0,1,1,"TSP Light Set-up","United States","","Christopher Rebelo","","","","","","","","",""
"Epic","Bring HD 50283 - Norway 19.12","Carrier Integration","","","Hrittika Gandhi","",,"30/Dec/25",,"26/Jan/26","","","","Low","","","CAR-13900","In Progress",0,0,0,100,0,0,1,1,"TSP Light Set-up","Norway","","Christopher Rebelo","","","","","","","","",""
"Epic","50164 DSV A/S - Denmark 13.01","Carrier Integration","","","Nilkanth Gawade","",,"13/Jan/26",,"27/Jan/26","","","","Low","","DDC","CAR-13969","In Progress",0,0,0,50,1,0,1,2,"Integration review","Denmark","","Christopher Rebelo","","","","","","","","",""
"Epic","IKEA SP Poland 95617 - Poland 19.01 a","Carrier Integration","","","Hrittika Gandhi","",,"19/Jan/26",,"27/Jan/26","","","","Low","","","CAR-14057","Ready for Acceptance Test",0,0,0,100,0,0,1,1,"TSP Light Set-up","Poland","","Christopher Rebelo","","","","","","","","",""
"Epic","SDS 37819 - United States 12.01","Carrier Integration","","","Manisha Gupta","",,"12/Jan/26",,"29/Jan/26","","","","Low","","","CAR-13996","Ready for Acceptance Test",0,0,0,50,1,0,1,2,"TSP Light Set-up","United States","","Christopher Rebelo","","","","","","","","",""
"Epic","SDS 37819 - United States 15.01 a","Carrier Integration","","","Ankita kharche","",,"15/Jan/26",,"29/Jan/26","","","","Low","","","CAR-14044","Ready for Acceptance Test",0,0,0,50,1,0,1,2,"TSP Light Set-up","United States","","Christopher Rebelo","","","","","","","","",""
"Epic","Klus-up 50013 - Netherlands 25.09","Carrier Integration","","","Kritika Agrawal","",,"25/Sep/25",,"30/Jan/26","","","","Low","COM_API, EDI_Centiro, Status_Centiro","Other Services","CAR-13256","In Progress",0,0,0,0,2,1,0,3,"New integration","Netherlands","","Carlos Cunha","Shaurya","","","","","","","",""
"Epic","Reverse flow project - T-FORCE - Final Mile - 35449 - United States","Carrier Integration","","","Kritika Agrawal","",,"31/Aug/25",,"30/Jan/26","17/Oct/25","","","Low","COM_SFTP, EDI_Centiro, Status_Centiro","Reverse flow (Project)","CAR-13577","Ready for Acceptance Test",0,0,0,100,0,0,1,1,"Deployment","United States","","Carlos Cunha","Bharat","","","","","","","",""
"Epic","Schenker 50761 - Norway 08.12","Carrier Integration","","","Sumit Patil","",,"08/Dec/25",,"30/Jan/26","","","","Low","","","CAR-13810","Ready for Acceptance Test",0,0,0,0,1,1,0,2,"Other","Norway","","Carlos Cunha","","","","","","","","",""
"Epic","Dolly 50783 - United States 07.01","Carrier Integration","","","Sumit Patil","",,"07/Jan/26",,"30/Jan/26","","","","Low","","","CAR-13930","Ready for Acceptance Test",0,0,0,50,1,0,1,2,"Other","United States","","Christopher Rebelo","","","","","","","","",""
"Epic","IKEA SP Poland 95617 - Poland 19.01","Carrier Integration","","","Cathaline Pillay","",,"19/Jan/26",,"30/Jan/26","","","","Low","","","CAR-14060","Ready for Acceptance Test",0,0,0,100,0,0,4,4,"TSP Light Set-up","Poland","","Christopher Rebelo","","","","","","","","",""
"Epic","DPD Portugal 50500 - Portugal 13.01","Carrier Integration","","","Cathaline Pillay","",,"13/Jan/26",,"03/Feb/26","","","","Low","EDI_TSP","CFB 1.3 - PARCEL","CAR-14038","Ready for Acceptance Test",0,0,0,50,1,0,1,2,"Integration upgrade","Portugal","","Christopher Rebelo","","","","","","","","",""
"Epic","Reverse flow project - Milsped 32464- Serbia","Carrier Integration","","","Nilkanth Gawade","",,"01/Nov/25",,"04/Feb/26","","","","Low","COM_SFTP, EDI_Centiro, Status_Centiro","Reverse flow (Project)","CAR-13515","Ready for Acceptance Test",0,0,0,100,0,0,1,1,"Deployment","Serbia","","Christopher Rebelo","","","","","","","","",""
"Epic","DHL ROAD SE 30916 - Sweden 14.01","Carrier Integration","","","Ankita kharche","",,"14/Jan/26",,"04/Feb/26","","","","Low","COM_SFTP, EDI_TSP, Status_TSP","Other upgrades","CAR-14051","Ready for Acceptance Test",0,0,0,50,1,0,1,2,"Integration upgrade","Sweden","","Christopher Rebelo","","","","","","","","",""
"Epic","Bring - Norway 26.01","Carrier Integration","","","Cathaline Pillay","",,"26/Jan/26","04/Feb/26","","","","","Low","","","CAR-14178","Ready for Acceptance Test",0,0,0,50,1,0,1,2,"TSP Light Set-up","Norway","","Christopher Rebelo","","","","","","","","",""
"Epic","LSC 3890 - United States","Carrier Integration","","","Hrittika Gandhi","",,"27/Jan/26","05/Feb/26","","","","","Low","","","CAR-14143","Ready for Acceptance Test",0,0,0,50,1,0,1,2,"TSP Light Set-up","United States","","Christopher Rebelo","","","","","","","","",""
"Epic","Bring - Norway 26.01","Carrier Integration","","","Hrittika Gandhi","",,"26/Jan/26","05/Feb/26","","","","","Low","","","CAR-14172","Ready for Acceptance Test",0,0,0,50,1,0,1,2,"TSP Light Set-up","Norway","","Christopher Rebelo","","","","","","","","",""
"Epic","Bring - Norway 26.01","Carrier Integration","","","Hrittika Gandhi","",,"26/Jan/26",,"05/Feb/26","","","","Low","","","CAR-14175","Ready for Acceptance Test",0,0,0,50,1,0,1,2,"TSP Light Set-up","Norway","","Christopher Rebelo","","","","","","","","",""
"Epic","30432 Maritime - United Kingdom 12.01","Carrier Integration","","","Kritika Agrawal","",,"12/Jan/26",,"06/Feb/26","","","","Low","","INGKA Linehaul","CAR-14029","In Progress",0,0,0,0,1,1,0,2,"INGKA Linehaul","United Kingdom","","Christopher Rebelo","","","","","","","","",""
"Epic","Rhenus 50869 - Netherlands 23.01","Carrier Integration","","","Soumya Mishra","",,"23/Jan/26",,"06/Feb/26","","","","Low","","","CAR-14090","Ready for Acceptance Test",0,0,0,50,1,0,1,2,"TSP Light Set-up","Netherlands","","Christopher Rebelo","","","","","","","","",""
"Epic","CJ EXPRESS 32015 - Korea 12.01","Carrier Integration","","","Mansi Shrirame","",,"12/Jan/26",,"09/Feb/26","","","","Low","COM_SFTP, EDI_TSP","CFB 1.3 - PARCEL","CAR-13987","In Progress",0,0,0,0,1,1,0,2,"Integration upgrade","Korea","","Christopher Rebelo","","","","","","","","",""
"Epic","Bring - Norway 26.01","Carrier Integration","","","Ankita kharche","",,"26/Jan/26","09/Feb/26","","","","","Low","","","CAR-14160","Ready for Acceptance Test",0,0,0,50,1,0,1,2,"TSP Light Set-up","Norway","","Christopher Rebelo","","","","","","","","",""
"Epic","Bring - Norway 26.01","Carrier Integration","","","Ankita kharche","",,"26/Jan/26","09/Feb/26","","","","","Low","","","CAR-14163","Ready for Acceptance Test",0,0,0,50,1,0,1,2,"TSP Light Set-up","Norway","","Christopher Rebelo","","","","","","","","",""
"Epic","After Sales - AIT Home Delivery, LLC - Final Mile 32138 - United States","Carrier Integration","","","Kritika Agrawal","",,"28/Jan/26",,"10/Feb/26","","","","Low","","","CAR-14102","Ready for Acceptance Test",0,0,0,100,0,0,1,1,"Deployment","United States","","Christopher Rebelo","","","","","","","","",""
"Epic","After Sales - CRST Home Solution, LLC - Final Mile 32102 - United States","Carrier Integration","","","Sumit Patil","",,"28/Jan/26",,"10/Feb/26","","","","Low","","","CAR-14105","Ready for Acceptance Test",0,0,0,0,1,0,0,1,"Deployment","United States","","Christopher Rebelo","","","","","","","","",""
"Epic","After Sales - Aria Group, Inc - Final Mile 50345 - United States","Carrier Integration","","","Hrittika Gandhi","",,"28/Jan/26",,"10/Feb/26","","","","Low","","","CAR-14117","Ready for Acceptance Test",0,0,0,100,0,0,1,1,"Deployment","United States","","Christopher Rebelo","","","","","","","","",""
"Epic","After Sales - Prime Logistics Group, LLC - Final Mile 50491 - United States","Carrier Integration","","","Mansi Shrirame","",,"28/Jan/26",,"10/Feb/26","","","","Low","","","CAR-14120","Ready for Acceptance Test",0,0,0,100,0,0,1,1,"Deployment","United States","","Christopher Rebelo","","","","","","","","",""
"Epic","Reverse flow project - Milsped 50017 - Croatia","Carrier Integration","","","Soumya Mishra","",,"01/Nov/25",,"13/Feb/26","","","","Low","COM_SFTP, EDI_Centiro, Status_Centiro","Reverse flow (Project)","CAR-13524","Ready for Acceptance Test",0,0,0,100,0,0,1,1,"Deployment","Croatia","","Christopher Rebelo","","","","","","","","",""
"Epic","Reverse flow project - Milsped 50214 - Slovenia","Carrier Integration","","","Anisha Panwar","",,"01/Nov/25",,"13/Feb/26","","","","Low","COM_SFTP, EDI_Centiro, Status_Centiro","Reverse flow (Project)","CAR-13533","Ready for Acceptance Test",0,0,0,100,0,0,1,1,"Deployment","Slovenia","","Christopher Rebelo","","","","","","","","",""
"Epic","After Sales - RXO Last Mile, Inc. - Final Mile 30542 - United States","Carrier Integration","","","Anisha Panwar","",,"28/Jan/26",,"13/Feb/26","","","","Low","","","CAR-14111","Ready for Acceptance Test",0,0,0,100,0,0,1,1,"Deployment","United States","","Christopher Rebelo","","","","","","","","",""
"Epic","DPD PT 50500 - Portugal 27.01","Carrier Integration","","","Soumya Mishra","",,"27/Jan/26",,"13/Feb/26","","","","Low","","","CAR-14133","Ready for Acceptance Test",0,0,0,50,1,0,1,2,"TSP Light Set-up","Portugal","","Christopher Rebelo","","","","","","","","",""
"Epic","La poste - Colissimo 50691 - France 27.01","Carrier Integration","","","Nilkanth Gawade","",,"30/Jan/26",,"13/Feb/26","","","","Low","","","CAR-14136","Ready for Acceptance Test",0,0,0,50,1,0,1,2,"TSP Light Set-up","France","","Christopher Rebelo","","","","","","","","",""
"Epic","Cargoe 32126 - Austria 02.02","Carrier Integration","","","Mansi Shrirame","",,"02/Feb/26",,"13/Feb/26","","","","Low","","","CAR-14195","Ready for Acceptance Test",0,0,0,50,1,0,1,2,"TSP Light Set-up","Austria","","Christopher Rebelo","","","","","","","","",""
"Epic","Reverse flow project - IKEA Srbija 32467 - Serbia","Carrier Integration","","","Cathaline Pillay","",,"01/Nov/25",,"16/Feb/26","","","","Low","COM_SFTP, EDI_Centiro, Status_Centiro","Reverse flow (Project)","CAR-13519","Ready for Acceptance Test",0,0,0,100,0,0,1,1,"Deployment","Serbia","","Christopher Rebelo","","","","","","","","",""
"Epic","GLS 50030 - Poland 18.dec number of digit change","Carrier Integration","","","Anisha Panwar","",,"10/Jan/26",,"16/Feb/26","","","","Low","","","CAR-13885","In Progress",0,0,0,50,1,0,1,2,"Other","Poland","","Christopher Rebelo","","","","","","","","",""
"Epic","CORREOS 50039 - Spain 09.02","Carrier Integration","","","Hrittika Gandhi","",,"09/Feb/26","16/Feb/26","","","","","Low","","","CAR-14271","Ready for Acceptance Test",0,0,0,50,1,0,1,2,"TSP Light Set-up","Spain","","Christopher Rebelo","","","","","","","","",""
"Epic","Rhenus IT 30926 - Italy format change","Carrier Integration","","","Nilkanth Gawade","",,"04/Jun/25",,"17/Feb/26","","","","Low","COM_SFTP, EDI_Centiro, Status_Centiro","Self Integration Portal, Change file format","CAR-12177","In Progress",0,0,0,0,2,1,0,3,"Integration upgrade","Italy","","Carlos Cunha","Bharat","","","","","","","",""
"Epic","SDS 37819 - United States 29.01","Carrier Integration","","","Ankita Kharche","",,"29/Jan/26",,"17/Feb/26","","","","Low","","","CAR-14149","Ready for Acceptance Test",0,0,0,50,1,0,1,2,"TSP Light Set-up","United States","","Christopher Rebelo","","","","","","","","",""
"Epic","Bring - Norway 26.01","Carrier Integration","","","Nilkanth Gawade","",,"26/Jan/26",,"17/Feb/26","","","","Low","","","CAR-14181","In Progress",0,0,0,0,1,1,0,2,"TSP Light Set-up","Norway","","Christopher Rebelo","","","","","","","","",""
"Epic","50761 DSV Road AS(HD) - Norway 12.02","Carrier Integration","","","Sumit Patil","",,"12/Feb/26",,"17/Feb/26","","","","Low","","CFB 1.3 - TRUCK","CAR-14289","In Progress",0,0,0,0,2,0,0,2,"Integration review","Norway","","Christopher Rebelo","","","","","","","","",""
"Epic","50012 Metro Supply Chain (MTH) Inc. - Canada 23.12","Carrier Integration","","","Manisha Gupta","",,"23/Dec/25",,"18/Feb/26","","","","Low","","CFB 1.3 - TRUCK","CAR-13927","In Progress",0,0,0,0,1,1,0,2,"Integration review","Canada","","Christopher Rebelo","","","","","","","","",""
"Epic","SDS 37819 - United States 23.01","Carrier Integration","","","Sumit Patil","",,"23/Jan/26",,"18/Feb/26","","","","Low","","","CAR-14099","Ready for Acceptance Test",0,0,0,50,1,0,1,2,"TSP Light Set-up","United States","","Christopher Rebelo","","","","","","","","",""
"Epic","Bring - Norway 26.01","Carrier Integration","","","Manisha Gupta","",,"26/Jan/26",,"18/Feb/26","","","","Low","","","CAR-14166","Ready for Acceptance Test",0,0,0,50,1,0,1,2,"TSP Light Set-up","Norway","","Christopher Rebelo","","","","","","","","",""
"Epic","Bring - Norway 26.01","Carrier Integration","","","Manisha Gupta","",,"26/Jan/26",,"18/Feb/26","","","","Low","","","CAR-14169","Ready for Acceptance Test",0,0,0,50,1,0,1,2,"TSP Light Set-up","Norway","","Christopher Rebelo","","","","","","","","",""
"Epic","Schenker 50761 - Norway 04.02","Carrier Integration","","","Ankita kharche","",,"04/Feb/26",,"18/Feb/26","","","","Low","","","CAR-14241","Ready for Acceptance Test",0,0,0,50,1,0,1,2,"Other","Norway","","Christopher Rebelo","","","","","","","","",""
"Epic","Renovation Franchise Limited 50799 - New Zealand 13.10","Carrier Integration","","","Anisha Panwar","",,"12/Nov/25",,"19/Feb/26","","","","Low","COM_SFTP, EDI_Centiro, Status_Centiro","Provided Services","CAR-13403","In Progress",0,0,0,0,2,1,0,3,"Integration upgrade","New Zealand","","Carlos Cunha","Shaurya","","","","","","","",""
"Epic","Reverse flow project - Gebruder 47427 - Croatia","Carrier Integration","","","Kritika Agrawal","",,"01/Nov/25",,"19/Feb/26","","","","Low","COM_SFTP, EDI_Centiro, Status_Centiro","Reverse flow (Project)","CAR-13522","In Progress",0,0,0,0,0,1,0,1,"Deployment","Croatia","","Christopher Rebelo","","","","","","","","",""
"Epic","INPOST SPAIN S.L. 50808 - Spain 07/11","Carrier Integration","","","Mansi Shrirame","",,"07/Nov/25",,"19/Feb/26","","","","Low","COM_API, COM_SFTP, EDI_TSP, Status_TSP","CFB 1.1 - PARCEL","CAR-13642","In Progress",0,0,0,20,3,1,1,5,"New integration","Spain","","Carlos Cunha","","","","","","","","",""
"Epic","After Sales - TForce Logistics East, LLC - Final Mile 35449 - United States","Carrier Integration","","","Cathaline Pillay","",,"28/Jan/26",,"19/Feb/26","","","","Low","","","CAR-14114","In Progress",0,0,0,0,0,1,0,1,"Deployment","United States","","Christopher Rebelo","","","","","","","","",""
"Epic","After Sales - CAPIO SRL 50744 - Italy 05.02","Carrier Integration","","","Hrittika Gandhi","",,"05/Feb/26",,"19/Feb/26","","","","Low","","","CAR-14201","In Progress",0,0,0,0,1,1,0,2,"Deployment","Italy","","Christopher Rebelo","","","","","","","","",""
"Epic","Fleets Flyers Pty Ltd 32022 - Australia 05.03 reopen","Carrier Integration","","","Anisha Panwar","",,"15/Sep/25",,"20/Feb/26","","","","Low","AU_SFO_Activo, AU_SFO_SR, AU_SFO_SR_Local, COM_API, EDI_TSP, Status_TSP","Change file format, Change communication method","CAR-13150","In Progress",0,0,0,100,0,0,1,1,"Integration upgrade","Australia","","Christopher Rebelo","Shaurya","","","","","","","",""
"Epic","Reverse flow project - BUHIN 50124 - Croatia","Carrier Integration","","","Sumit Patil","",,"22/Jan/26",,"20/Feb/26","","","","Low","COM_SFTP, EDI_Centiro, Status_Centiro","Reverse flow (Project)","CAR-13528","In Progress",0,0,0,0,0,1,0,1,"Deployment","Croatia","","Christopher Rebelo","","","","","","","","",""
"Epic","GVS Central Box 50874 - Spain 20.01","Carrier Integration","","","Anisha Panwar","",,"20/Jan/26",,"20/Feb/26","","","","Low","","","CAR-14072","In Progress",0,0,0,0,1,1,0,2,"TSP Light Set-up","Spain","","Christopher Rebelo","","","","","","","","",""
"Epic","UEROM SUP.50152-6 - Austria 27 A","Carrier Integration","","","Kritika Agrawal","",,"27/Jan/26",,"20/Feb/26","","","","Low","","","CAR-14127","Ready for Acceptance Test",0,0,0,100,0,0,2,2,"TSP Light Set-up","Austria","","Christopher Rebelo","","","","","","","","",""
"Epic","IKEA Srbija d.o.o. 32467 - Serbia 29.01","Carrier Integration","","","Anisha Panwar","",,"29/Jan/26",,"20/Feb/26","","","","Low","","","CAR-14146","In Progress",0,0,0,0,1,1,0,2,"TSP Light Set-up","Serbia","","Christopher Rebelo","","","","","","","","",""
"Epic","After sales - RHENUS LOGISTICS S.P.A 30926 - Italy 05.02","Carrier Integration","","","Nilkanth Gawade","",,"05/Feb/26",,"20/Feb/26","","","","Low","","","CAR-14192","In Progress",0,0,0,0,1,1,0,2,"","Italy","","Christopher Rebelo","","","","","","","","",""
"Epic","Cargoe 32126 - Austria - 02.02","Carrier Integration","","","Soumya Mishra","",,"02/Feb/26",,"20/Feb/26","","","","Low","","","CAR-14198","Ready for Acceptance Test",0,0,0,100,0,0,2,2,"TSP Light Set-up","Austria","","Christopher Rebelo","","","","","","","","",""
"Epic","After Sales - Gebruder Weiss 32451 - Romania 06.02","Carrier Integration","","","Kritika Agrawal","",,"06/Feb/26",,"20/Feb/26","","","","Low","","","CAR-14207","Backlog",0,0,0,0,2,0,0,2,"Deployment","Romania","","Christopher Rebelo","","","","","","","","",""
"Epic","After Sales - PRO NATUR 32133 - Romania  06.02","Carrier Integration","","","Anisha Panwar","",,"06/Feb/26",,"20/Feb/26","","","","Low","","","CAR-14210","Backlog",0,0,0,0,2,0,0,2,"Deployment","Romania","","Christopher Rebelo","","","","","","","","",""
"Epic","After Sales - A.F. LOGISTICS S.P.A. CON UNICO SOCIO  30927 - Italy 06.02","Carrier Integration","","","Hrittika Gandhi","",,"06/Feb/26",,"20/Feb/26","","","","Low","","","CAR-14216","In Progress",0,0,0,0,1,1,0,2,"Deployment","Italy","","Christopher Rebelo","","","","","","","","",""
"Epic","After Sales - IKEA Mover RO; (SubCar PRO NATUR and Gebruder Weiss) 50725 (SubCar 32133 and 32451) - Romania 06.02","Carrier Integration","","","Soumya Mishra","",,"06/Feb/26",,"20/Feb/26","","","","Low","","","CAR-14219","Ready for Acceptance Test",0,0,0,50,1,0,1,2,"Deployment","Romania","","Christopher Rebelo","","","","","","","","",""
"Epic","After Sales - Kyds Trans Speditions SRL 50126 - Romania 06.02","Carrier Integration","","","Soumya Mishra","",,"06/Feb/26",,"20/Feb/26","","","","Low","","","CAR-14222","Ready for Acceptance Test",0,0,0,50,1,0,1,2,"Deployment","Romania","","Christopher Rebelo","","","","","","","","",""
"Epic","SDS 37819 - United States 30.01","Carrier Integration","","","Nilkanth Gawade","",,"11/Feb/26",,"20/Feb/26","","","","Low","","","CAR-14247","In Progress",0,0,0,0,1,1,0,2,"TSP Light Set-up","United States","","Christopher Rebelo","","","","","","","","",""
"Epic","SIEBER LOGISTICS AG 30891 - Switzerland 05/02","Carrier Integration","","","Cathaline Pillay","",,"05/Feb/26",,"20/Feb/26","","","","Low","COM_SFTP, EDI_Centiro, Status_Centiro","CFB 1.3 - TRUCK","CAR-14253","Backlog",0,0,0,0,2,0,0,2,"Integration upgrade","Switzerland","","Christopher Rebelo","","","","","","","","",""
"Epic","SEUR 50022 - Spain 06.02","Carrier Integration","","","Soumya Mishra","",,"06/Feb/26",,"20/Feb/26","","","","Low","","","CAR-14268","Backlog",0,0,0,0,2,0,0,2,"TSP Light Set-up","Spain","","Christopher Rebelo","","","","","","","","",""
"Epic","Bring - Norway 26.01","Carrier Integration","","","Sumit Patil","",,"26/Jan/26",,"21/Feb/26","","","","Low","","","CAR-14154","In Progress",0,0,0,0,2,0,0,2,"TSP Light Set-up","Norway","","Christopher Rebelo","","","","","","","","",""
"Epic","Bring - Norway 26.01","Carrier Integration","","","Sumit Patil","",,"26/Jan/26",,"21/Feb/26","","","","Low","","","CAR-14157","In Progress",0,0,0,0,2,0,0,2,"TSP Light Set-up","Norway","","Christopher Rebelo","","","","","","","","",""
"Epic","OVERSEAS TRADE Co Ltd d.o.o.  50018  - Croatia 03.02","Carrier Integration","","","Cathaline Pillay","",,"03/Feb/26",,"22/Feb/26","","","","Low","COM_API, EDI_Centiro, Status_Centiro","Other upgrades","CAR-14225","Backlog",0,0,0,0,2,0,0,2,"Integration upgrade","Croatia","","Christopher Rebelo","","","","","","","","",""
"Epic","Bexexpress d.o.o. 32465 - Serbia 03.02","Carrier Integration","","","Mansi Shrirame","",,"03/Feb/26",,"22/Feb/26","","","","Low","COM_API, EDI_Centiro, Status_Centiro","Other upgrades","CAR-14228","Backlog",0,0,0,0,2,0,0,2,"Integration upgrade","Serbia","","Christopher Rebelo","","","","","","","","",""
"Epic","No Limit Sp. z o.o. SP Slovakia 50110 - Slovakia 29.01","Carrier Integration","","","Ankita kharche","",,"29/Jan/26",,"22/Feb/26","","","","Low","COM_SFTP, EDI_Centiro, Status_Centiro","Other upgrades","CAR-14244","Backlog",0,0,0,0,2,0,0,2,"Integration upgrade","Slovakia","","Christopher Rebelo","","","","","","","","",""
"Epic","STAROON EVROPA DOOEL Skopje 50266-SUP-3 - Italy 28.01","Carrier Integration","","","Manisha Gupta","",,"28/Jan/26",,"23/Feb/26","","","","Low","","","CAR-14204","Ready for Acceptance Test",0,0,0,50,1,0,1,2,"TSP Light Set-up","Italy","","Christopher Rebelo","","","","","","","","",""
"Epic","After Sales - DPD RO 50313 - Romania 09 27.01","Carrier Integration","","","Mansi Shrirame","",,"27/Jan/26",,"24/Feb/26","","","","Low","","","CAR-14235","Backlog",0,0,0,0,2,0,0,2,"Deployment","Romania","","Christopher Rebelo","","","","","","","","",""
"Epic","DHL DE national 30562 - Germany 09.02","Carrier Integration","","","Manisha Gupta","",,"09/Feb/26",,"24/Feb/26","","","","Low","","","CAR-14298","In Progress",0,0,0,0,1,1,0,2,"Other","Germany","","Christopher Rebelo","","","","","","","","",""
"Epic","After Sales - FedEx Corporation - Final Mile 50326 - United States","Carrier Integration","","","Nilkanth Gawade","",,"28/Jan/26",,"25/Feb/26","","","","Low","","","CAR-14123","In Progress",0,0,0,0,0,1,0,1,"Deployment","United States","","Christopher Rebelo","","","","","","","","",""
"Epic","50121 Posti Oy - Finland 05.02","Carrier Integration","","","Soumya Mishra","",,"05/Feb/26",,"25/Feb/26","","","","Low","","CFB 1.3 - PARCEL","CAR-14250","In Progress",0,0,0,0,2,0,0,2,"Integration review","Finland","","Christopher Rebelo","","","","","","","","",""
"Epic","SP IKEA 50089 - France 06.02","Carrier Integration","","","Manisha Gupta","",,"06/Feb/26",,"25/Feb/26","","","","Low","","","CAR-14256","In Progress",0,0,0,0,1,1,0,2,"TSP Light Set-up","France","","Christopher Rebelo","","","","","","","","",""
"Epic","SENDING 50743 - Spain 09.02","Carrier Integration","","","Manisha Gupta","",,"09/Feb/26",,"25/Feb/26","","","","Low","","","CAR-14265","In Progress",0,0,0,0,1,1,0,2,"TSP Light Set-up","Spain","","Christopher Rebelo","","","","","","","","",""
"Epic","After Sales - Capital Transport and Logistics Pty Ltd 30797 - Australia 11.02","Carrier Integration","","","Anisha Panwar","",,"11/Feb/26",,"25/Feb/26","","","","Low","","","CAR-14280","Backlog",0,0,0,0,2,0,0,2,"Deployment","Australia","","Christopher Rebelo","","","","","","","","",""
"Epic","IKEA ROMANIA  32184  - Romania 09.02","Carrier Integration","","","Soumya Mishra","",,"09/Feb/26",,"25/Feb/26","","","","Low","","","CAR-14301","Backlog",0,0,0,0,2,0,0,2,"TSP Light Set-up","Romania","","Christopher Rebelo","","","","","","","","",""
"Epic","Posti Oy 50121 - Finland 21.01","Carrier Integration","","","Soumya Mishra","",,"21/Jan/26",,"26/Feb/26","","","","Low","","CFB 1.3 - PARCEL, CFB 1.3 - TRUCK, Range of days, Removal Services, Change file format, Change communication method","CAR-14078","In Review",0,0,0,0,2,0,0,2,"Integration upgrade","Finland","","Christopher Rebelo","","","","","","","","",""
"Epic","Schenker 50761 - Norway 09.01","Carrier Integration","","","Sumit Patil","",,"09/Jan/26",,"27/Feb/26","","","","Low","","","CAR-13981","In Progress",0,0,0,0,1,1,0,2,"Other","Norway","","Christopher Rebelo","","","","","","","","",""
"Epic","After Sales - CRST Specialized Transportation, Inc - Final Mile/LTL 31094 - United States","Carrier Integration","","","Sumit Patil","",,"28/Jan/26",,"27/Feb/26","","","","Low","","","CAR-14108","In Progress",0,0,0,0,1,0,0,1,"Deployment","United States","","Christopher Rebelo","","","","","","","","",""
"Epic","30798 Bring Express - Denmark 29.01","Carrier Integration","","","Ankita kharche","",,"29/Jan/26",,"27/Feb/26","","","","Low","","Reverse flow (Project)","CAR-14184","In Progress",0,0,0,0,2,0,0,2,"Integration review","Denmark","","Christopher Rebelo","","","","","","","","",""
"Epic","CE-MA 32128 - Poland 30.01 boxType","Carrier Integration","","","Anisha Panwar","",,"06/Feb/26",,"27/Feb/26","","","","Low","","","CAR-14231","In Progress",0,0,0,0,1,1,0,2,"Other","Poland","","Christopher Rebelo","","","","","","","","",""
"Epic","GEODIS Multiple FR Geodis BM Rhone Alpes 50230 - France 11.08","Carrier Integration","","","Sumit Patil","",,"11/Aug/25",,"28/Feb/26","","","","Low","COM_SFTP, EDI_Centiro, Status_Centiro","INGKA Linehaul","CAR-12836","Ready for Acceptance Test",0,0,0,50,1,1,2,4,"INGKA Linehaul","France","","Carlos Cunha","Shaurya","","","","","","","",""
"Epic","Reverse flow project - BexExpress - Serbia","Carrier Integration","","","Soumya Mishra","",,"01/Nov/25",,"28/Feb/26","","","","Low","COM_SFTP, EDI_Centiro, Status_Centiro","Reverse flow (Project)","CAR-13517","Backlog",0,0,0,0,1,0,0,1,"Deployment","Serbia","","Christopher Rebelo","","","","","","","","",""
"Epic","Reverse flow project - DPD 50213 - Slovenia","Carrier Integration","","","Anisha Panwar","",,"01/Nov/25",,"28/Feb/26","","","","Low","COM_SFTP, EDI_Centiro, Status_Centiro","Reverse flow (Project)","CAR-13531","Backlog",0,0,0,0,1,0,0,1,"Deployment","Slovenia","","Christopher Rebelo","","","","","","","","",""
"Epic","FM Romania SRL 50790 - Romania 09.12","Carrier Integration","","","Cathaline Pillay","",,"09/Dec/25",,"01/Mar/26","","","","Low","","INGKA Linehaul, CFB 1.3 - TRUCK, Vehicle Details, Reverse flow (Project)","CAR-13828","In Progress",0,0,0,0,4,1,0,5,"INGKA Linehaul","Romania","","Christopher Rebelo","","","","","","","","",""
"Epic","SUUS EXPERT SP Z O O 50806 - Poland 08.01","Carrier Integration","","","Ankita kharche","",,"08/Jan/26",,"01/Mar/26","","","","Low","COM_SFTP, EDI_TSP, Status_TSP","Provided Services","CAR-13972","In Progress",0,0,0,0,1,1,0,2,"New integration","Poland","","Christopher Rebelo","","","","","","","","",""
"Epic","Reverse flow project - Rhenus - 30926 - Italy","Carrier Integration","","","Mansi Shrirame","",,"25/Nov/25",,"02/Mar/26","","","","Low","COM_SFTP, EDI_Centiro, Status_Centiro","Reverse flow (Project)","CAR-11695","In Progress",0,0,0,0,0,1,0,1,"Deployment","Italy","","Carlos Cunha","Shaurya","","","","","","","",""
"Epic","VIR 30773 - France 04.06","Carrier Integration","","","Sumit Patil","",,"04/Jun/25",,"02/Mar/26","","","","Low","COM_SFTP, EDI_Centiro, Status_Centiro","Change file format","CAR-12185","Ready for Acceptance Test",0,0,0,40,1,2,2,5,"Integration upgrade","France","","Carlos Cunha","Bharat","","","","","","","",""
"Epic","Moving.inc 50877 - Japan 08.02","Carrier Integration","","","Manisha Gupta","",,"08/Feb/26",,"02/Mar/26","","","","Low","","","CAR-14292","In Progress",0,0,0,0,1,1,0,2,"TSP Light Set-up","Japan","","Christopher Rebelo","","","","","","","","",""
"Epic","ZAASK PLATAFORMA DIGITAL,SA 50807 - Portugal","Carrier Integration","","","Cathaline Pillay","",,"27/Jan/26",,"04/Mar/26","","","","Low","COM_SFTP, EDI_Centiro, Status_Centiro","IKS (IKEA Kitchen Services)","CAR-14139","In Progress",0,0,0,0,1,1,0,2,"New integration","Portugal","","Christopher Rebelo","","","","","","","","",""
"Epic","After sales - POSTE ITALIANE – SPA 50180 - Italy 05.02","Carrier Integration","","","Nilkanth Gawade","",,"05/Feb/26",,"05/Mar/26","","","","Low","","","CAR-14189","Backlog",0,0,0,0,2,0,0,2,"","Italy","","Christopher Rebelo","","","","","","","","",""
"Epic","After Sales - GENERAL LOGISTICS SYSTEMS ENTERPRISE S.R.L 30949 - Italy 28.01","Carrier Integration","","","Kritika Agrawal","",,"28/Jan/26",,"06/Mar/26","","","","Low","","","CAR-14238","Backlog",0,0,0,0,2,0,0,2,"Deployment","Italy","","Christopher Rebelo","","","","","","","","",""
"Epic","After Sales - Australia Post Corporation 50717 - Australia 11.02","Carrier Integration","","","Sumit Patil","",,"11/Feb/26",,"11/Mar/26","","","","Low","","","CAR-14274","In Progress",0,0,0,0,2,0,0,2,"Deployment","Australia","","Christopher Rebelo","","","","","","","","",""
"Epic","After Sales - TEAM GLOBAL EXPRESS PTY LTD 50011 - Australia 11.02","Carrier Integration","","","Soumya Mishra","",,"11/Feb/26",,"11/Mar/26","","","","Low","","","CAR-14277","Backlog",0,0,0,0,2,0,0,2,"Deployment","Australia","","Christopher Rebelo","","","","","","","","",""
"Epic","After Sales - General Logistics Systems Poland Sp. Z o.o. 50030 - Poland - 12.02","Carrier Integration","","","Nilkanth Gawade","",,"12/Feb/26",,"12/Mar/26","","","","Low","","","CAR-14286","Backlog",0,0,0,0,2,0,0,2,"Deployment","Poland","","Christopher Rebelo","","","","","","","","",""
"Epic","ÖPAG - Österreichische POST AG 50425 - Austria 21.01","Carrier Integration","","","Kritika Agrawal","",,"02/Feb/26",,"16/Mar/26","","","","Low","COM_SFTP, Status_TSP","External parcel return (self-service)","CAR-14081","In Progress",0,0,0,0,1,1,0,2,"Integration upgrade","Austria","","Christopher Rebelo","","","","","","","","",""
"Epic","Reverse flow project - IKEA Lakberendezesi 32456- Hungary","Carrier Integration","","","Mansi Shrirame","",,"01/Nov/25",,"27/Mar/26","","","","Low","COM_SFTP, EDI_Centiro, Status_Centiro","Reverse flow (Project)","CAR-13651","In Progress",0,0,0,0,0,1,0,1,"Deployment","Hungary","","Christopher Rebelo","","","","","","","","",""
"Epic","Reverse flow project - Gebruder HU 32453- Hungary","Carrier Integration","","","Manisha Gupta","",,"01/Nov/25",,"27/Mar/26","","","","Low","COM_SFTP, EDI_Centiro, Status_Centiro","Reverse flow (Project)","CAR-13653","In Progress",0,0,0,0,0,1,0,1,"Deployment","Hungary","","Christopher Rebelo","","","","","","","","",""
"Epic","Reverse flow project -DPD Hungaria 50031 - Hungary","Carrier Integration","","","Nilkanth Gawade","",,"01/Nov/25",,"27/Mar/26","","","","Low","COM_SFTP, EDI_Centiro, Status_Centiro","Reverse flow (Project)","CAR-13655","Backlog",0,0,0,0,1,0,0,1,"Deployment","Hungary","","Christopher Rebelo","","","","","","","","",""
"Epic","Reverse flow project - Carry All 50415 - Hungary","Carrier Integration","","","Kritika Agrawal","",,"01/Nov/25",,"27/Mar/26","","","","Low","COM_SFTP, EDI_Centiro, Status_Centiro","Reverse flow (Project)","CAR-13657","In Progress",0,0,0,0,0,1,0,1,"Deployment","Hungary","","Christopher Rebelo","","","","","","","","",""
"Epic","Bring Intermodal AS 31555 - Sweden 06.02","Carrier Integration","","","Manisha Gupta","",,"06/Feb/26",,"31/Mar/26","","","","Low","COM_SFTP, EDI_Centiro, Status_Centiro","INGKA Linehaul","CAR-14259","In Progress",0,0,0,0,1,1,0,2,"INGKA Linehaul","Sweden","","Christopher Rebelo","","","","","","","","",""
"Epic","Reverse flow project -DPD RO - 50313 - Romania","Carrier Integration","","","Sumit Patil","",,"19/Jan/26",,"03/Apr/26","","","","Low","COM_SFTP, EDI_Centiro, Status_Centiro","Reverse flow (Project)","CAR-14088","In Progress",0,0,0,0,1,0,0,1,"Deployment","Romania","","Christopher Rebelo","Shaurya","","","","","","","",""
"Epic","Sandahls Logistik AB 31775 - Sweden 06.02","Carrier Integration","","","Soumya Mishra","",,"06/Feb/26",,"12/Apr/26","","","","Low","COM_SFTP, EDI_Centiro, Status_Centiro","INGKA Linehaul","CAR-14262","Backlog",0,0,0,0,2,0,0,2,"INGKA Linehaul","Sweden","","Christopher Rebelo","","","","","","","","",""
"Epic","Reverse flow project - Shanghai BEIYE Newbrother Supply Chain Management Co 32144 - China","Carrier Integration","","","Carlos Cunha","",,"19/Jan/26",,"23/Apr/26","","","","Low","COM_SFTP, EDI_Centiro, Status_Centiro","Reverse flow (Project)","CAR-14007","Backlog",0,0,0,0,1,0,0,1,"Deployment","China","","Christopher Rebelo","","","","","","","","",""
"Epic","Reverse flow project - Ehome Supply Chain (Shenzhen) LTD. 32145 - China","Carrier Integration","","","Carlos Cunha","",,"19/Jan/26",,"23/Apr/26","","","","Low","COM_SFTP, EDI_Centiro, Status_Centiro","Reverse flow (Project)","CAR-14009","Backlog",0,0,0,0,1,0,0,1,"Deployment","China","","Christopher Rebelo","","","","","","","","",""
"Epic","Reverse flow project - Sinotrans Beijing Company 32146 - China","Carrier Integration","","","Carlos Cunha","",,"19/Jan/26",,"23/Apr/26","","","","Low","COM_SFTP, EDI_Centiro, Status_Centiro","Reverse flow (Project)","CAR-14011","Backlog",0,0,0,0,1,0,0,1,"Deployment","China","","Christopher Rebelo","","","","","","","","",""
"Epic","Reverse flow project - Xianxing logistics 32147 - China","Carrier Integration","","","Carlos Cunha","",,"19/Jan/26",,"23/Apr/26","","","","Low","COM_SFTP, EDI_Centiro, Status_Centiro","Reverse flow (Project)","CAR-14013","Backlog",0,0,0,0,1,0,0,1,"Deployment","China","","Christopher Rebelo","","","","","","","","",""
"Epic","Reverse flow project - Beijing Changzheng Risheng Supply Chain Management Co. Ltd 32149 - China","Carrier Integration","","","Carlos Cunha","",,"19/Jan/26",,"23/Apr/26","","","","Low","COM_SFTP, EDI_Centiro, Status_Centiro","Reverse flow (Project)","CAR-14015","Backlog",0,0,0,0,1,0,0,1,"Deployment","China","","Christopher Rebelo","","","","","","","","",""
"Epic","Reverse flow project - Ant logistics 32159 - China","Carrier Integration","","","Carlos Cunha","",,"19/Jan/26",,"23/Apr/26","","","","Low","COM_SFTP, EDI_Centiro, Status_Centiro","Reverse flow (Project)","CAR-14017","Backlog",0,0,0,0,1,0,0,1,"Deployment","China","","Christopher Rebelo","","","","","","","","",""
"Epic","Reverse flow project - Qingdao Guoxing  logistics Co., Ltd. 32462 - China","Carrier Integration","","","Carlos Cunha","",,"19/Jan/26",,"23/Apr/26","","","","Low","COM_SFTP, EDI_Centiro, Status_Centiro","Reverse flow (Project)","CAR-14019","Backlog",0,0,0,0,1,0,0,1,"Deployment","China","","Christopher Rebelo","","","","","","","","",""
"Epic","Reverse flow project - Shanghai Xunzan Supply Chain Technology Co., Ltd. 50007 - China","Carrier Integration","","","Carlos Cunha","",,"19/Jan/26",,"23/Apr/26","","","","Low","COM_SFTP, EDI_Centiro, Status_Centiro","Reverse flow (Project)","CAR-14021","Backlog",0,0,0,0,1,0,0,1,"Deployment","China","","Christopher Rebelo","","","","","","","","",""
"Epic","Reverse flow project - Hebei Suning Logistics CO.,Ltd. 50028 - China","Carrier Integration","","","Carlos Cunha","",,"19/Jan/26",,"23/Apr/26","","","","Low","COM_SFTP, EDI_Centiro, Status_Centiro","Reverse flow (Project)","CAR-14023","Backlog",0,0,0,0,1,0,0,1,"Deployment","China","","Christopher Rebelo","","","","","","","","",""
"Epic","Reverse flow project - Jingdong Logistics Transportation 50035 - China","Carrier Integration","","","Carlos Cunha","",,"19/Jan/26",,"23/Apr/26","","","","Low","COM_SFTP, EDI_Centiro, Status_Centiro","Reverse flow (Project)","CAR-14025","Backlog",0,0,0,0,1,0,0,1,"Deployment","China","","Christopher Rebelo","","","","","","","","",""
"Epic","Reverse flow project - Ingka China Services 50770 - China","Carrier Integration","","","Carlos Cunha","",,"19/Jan/26",,"23/Apr/26","","","","Low","COM_SFTP, EDI_Centiro, Status_Centiro","Reverse flow (Project)","CAR-14027","Backlog",0,0,0,0,1,0,0,1,"Deployment","China","","Christopher Rebelo","","","","","","","","",""
"Epic","POS 32448 - Netherlands 12.01","Carrier Integration","","","Mansi Shrirame","",,"12/Jan/26",,"27/Apr/26","","","","Low","COM_API, EDI_Centiro, Status_Centiro","Provided Services","CAR-13912","Backlog",0,0,0,0,2,0,0,2,"Integration upgrade","Netherlands","","Christopher Rebelo","","","","","","","","",""
"Epic","YAMATO TRANSPORT CO., LTD 50794 - Japan","Carrier Integration","","","Hrittika Gandhi","",,"10/Feb/26",,"10/May/26","","","","Low","COM_SFTP, EDI_Centiro, Status_Centiro","CFB 1.3 - PARCEL","CAR-14307","Backlog",0,0,0,0,5,0,0,5,"New integration","Japan","","Christopher Rebelo","","","","","","","","",""